{
  "project_info": {
    "project_number": "763170930038",
    "project_id": "fir-yuhan",
    "storage_bucket": "fir-yuhan.firebasestorage.app"
  },
  "client": [
    {
      "client_info": {
        "mobilesdk_app_id": "1:763170930038:android:5c5bc0a1ffa1ef1301ce57",
        "android_client_info": {
          "package_name": "com.example.timerapp"
        }
      },
      "oauth_client": [],
      "api_key": [
        {
          "current_key": "AIzaSyB--6IiFQ1fPeaLBZbPtVJhy-OH8USG6BY"
        }
      ],
      "services": {
        "appinvite_service": {
          "other_platform_oauth_client": []
        }
      }
    }
  ],
  "configuration_version": "1"
}